Id,Venue_Name,City,State,Country,Year,start,end,Title,Organizers,Degree
101st Annual Meeting of the Association of American Geographer_2005,101st Annual Meeting of the Association of American Geographer,Denver,Colorado,United States,2005,2005-04-05,2005-04-09,101st Annual Meeting of the Association of American Geographer,"Deborah MacPherson, Katy Börner",69
Lorentz Workshop_2005,Lorentz Workshop,Leiden,,Netherlands,2005,2005-04-07,2005-04-11,Simulating the Social Processes of Science,Andrea Scharnhorst,15
"SLIS, Indiana University_2005","SLIS, Indiana University",Bloomington,Indiana,United States,2005,2005-04-25,2005-04-25,Networks and Complex Systems Talk Series,Peter A. Hook,2
Abdus Salam International Centre for Theoretical Physics (ICTP)_2005,Abdus Salam International Centre for Theoretical Physics (ICTP),Trieste,,Italy,2005,2005-05-15,2005-05-27,School and Workshop on Structure and Function of Complex Networks,Katy Börner,63
University of Illinois_2005,University of Illinois,Urbana-Champaign,Illinois,United States,2005,2005-05-17,2005-05-20,Understanding Complex Systems 2004 Symposium,Peter A. Hook,2
Sixth Annual Alliance for Innovation in Science and Technology Information Mini-Conference_2005,Sixth Annual Alliance for Innovation in Science and Technology Information Mini-Conference,Santa Fe,New Mexico,United States,2005,2005-05-25,2005-05-26,Sixth Annual Alliance for Innovation in Science and Technology Information Mini-Conference,Peter A. Hook,2
San Diego University_2005,San Diego University,San Diego,California,United States,2005,2005-07-01,2005-07-20,Visualization Lab,"John Graham, Eric Frost, Bonnie DeVarco",4
Information Visualization Conference_2005,Information Visualization Conference,London,,United Kingdom,2005,2005-07-06,2005-07-08,Information Visualization Conference,Katy Börner,63
Los Alamos National Laboratory_2005,Los Alamos National Laboratory,Los Alamos,New Mexico,United States,2005,2005-07-10,2005-07-20,Los Alamos National Laboratory,Ketan Mane,1
International Conference of the International Society for Scientometrics and Informetrics_2005,International Conference of the International Society for Scientometrics and Informetrics,Stockholm,,Sweden,2005,2005-07-24,2005-07-28,10th International Conference of the International Society for Scientometrics and Informetrics,Katy Börner,63
San Diego Convention Center_2005,San Diego Convention Center,San Diego,California,United States,2005,2005-07-25,2005-07-29,ESRI International User Conference,Bonnie DeVarco,4
ESRI Headquaters_2005,ESRI Headquaters,Redlands,California,United States,2005,2005-07-30,2005-08-15,ESRI Headquaters,"Wendy McKinney, Jenni McCormick",1
Wikimania 2005: The First International Wikimedia Conference_2005,Wikimania 2005: The First International Wikimedia Conference,Frankfurt,,Germany,2005,2005-08-04,2005-08-08,Wikimania 2005: The First International Wikimedia Conference,Jakob Voss,
ESRI Regional Office_2005,ESRI Regional Office,Redlands,California,United States,2005,2005-08-15,2005-08-20,ESRI Regional Office,Wendy McKinney,1
ESRI DC Office Vienna_2005,ESRI DC Office Vienna,"Washington, DC",,United States,2005,2005-09-01,2005-09-30,ESRI DC Office Vienna,Deborah MacPherson,6
i-Light Symposium 2005_2005,i-Light Symposium 2005,Indianapolis,Indiana,United States,2005,2005-09-20,2005-09-21,i-Light Symposium 2005,Katy Börner,63
"Lilly Library, Indiana University_2005","Lilly Library, Indiana University",Bloomington,Indiana,United States,2005,2005-10-03,2005-10-03,InfoVis Lab Open House,,
Annual Meeting of the Society for Social Studies of Sciences_2005,Annual Meeting of the Society for Social Studies of Sciences,Pasadena,California,United States,2005,2005-10-20,2005-10-22,Annual Meeting of the Society for Social Studies of Sciences,"Katy Börner, Kevin Boyack, Kelly Sutton",63
Indiana University_2005,Indiana University,Bloomington,Indiana,United States,2005,2005-11-01,2005-11-01,Places & Spaces Open Air,,
This Exhibit was supported by the UIUC Center for Advanced Study as part of the Age of Networks initiative Urbana-Champaign_2005,This Exhibit was supported by the UIUC Center for Advanced Study as part of the Age of Networks initiative Urbana-Champaign,Urbana-Champaign,Illinois,United States,2005,2005-11-03,2005-11-05,The National Center for Supercomputing Applications (NCSA),"Katy Börner, Hank Green",63
National Institute of Informatics_2005,National Institute of Informatics,Tokyo,,United States,2005,2005-11-21,2005-11-21,National Institute of Informatics,"Katy Börner, Ryutaru Ichise",63
Thomson Scientific/ISI_2005,Thomson Scientific/ISI,Philadelphia,Pennsylvania,United States,2005,2005-12-01,2005-12-02,Informal Meeting for Mapping Science,,
New York Hall of Science_2006,New York Hall of Science,Queens,New York,United States,2006,2006-01-01,2006-01-01,New York Hall of Science | Workshop on Science (Weather) Forecasts,"Julie Smith, Katy Börner | Marcia Rudy",63
"Science, Industry and Business Library of The New York Public Library_2006","Science, Industry and Business Library of The New York Public Library",New York City,New York,United States,2006,2006-01-01,2006-01-01,"Science, Industry and Business Library of The New York Public Library",John Ganly,
National Science Foundation_2006,National Science Foundation,"Washington, DC",,United States,2006,2006-01-18,2006-02-02,National Science Foundation,"Deborah MacPherson, Janice M. Hicks",7
National Institutes of Health_2006,National Institutes of Health,"Washington, DC",,United States,2006,2006-02-03,2006-02-08,Symposium on Knowledge Discovery and Knowledge Management Tools,"Deborah MacPherson, Jessica Clausen",6
"Institute for the Future Workshop, Rockefeller Foundation_2006","Institute for the Future Workshop, Rockefeller Foundation",New York City,New York,United States,2006,2006-02-27,2006-02-27,The Future of Science and Technology,Katy Börner,63
"State House, Indianapolis_2006","State House, Indianapolis",Indianapolis,Indiana,United States,2006,2006-03-01,2006-03-01,Life Sciences Exhibit & Reception,Katy Börner,63
"The College of Management at Georgia Tech, Technology Square, Georgia Institute of Technology_2006","The College of Management at Georgia Tech, Technology Square, Georgia Institute of Technology",Atlanta,Georgia,United States,2006,2006-03-18,2006-03-20,"The Atlanta Conference on Science and Technology Policy, The Georgia Tech School of Public Policy, PRIME Network of Excellence","Katy Börner, Elena B. Harari",63
Creative Good_2006,Creative Good,New York City,New York,United States,2006,2006-05-04,2006-05-05,Gel Conference,Mark Hurst,
CENDI & NFAIS_2006,CENDI & NFAIS,"Washington, DC",,United States,2006,2006-05-04,2006-05-04,The Visualization of Textual Information Workshop,"Debbie MacPherson, Bonnie Carroll",
CERC3 Chemistry Funding Agencies Meeting_2006,CERC3 Chemistry Funding Agencies Meeting,Amsterdam,,Netherlands,2006,2006-05-13,2006-05-13,CERC3 Chemistry Funding Agencies Meeting,Janice M. Hicks,1
IBM Palisades_2006,IBM Palisades,Palisades,New York,United States,2006,2006-06-07,2006-06-09,"Program Meeting, James S. McDonnell Foundation, 21st Century Science Initiative 2006",Katy Börner,63
International Conference on Complex Systems_2006,International Conference on Complex Systems,Boston,Massachusetts,United States,2006,2006-06-25,2006-06-30,International Conference on Complex Systems,"Katy Börner, Keith V. Nesbitt",63
Science of Science Policy Workshop_2006,Science of Science Policy Workshop,Helsinki,,Finland,2006,2006-07-12,2006-07-12,Towards a Macroscope for Decision Support in Science & Technology Policy,"Katy Börner, Ann Carlson",63
National Cancer Institute_2006,National Cancer Institute,"Washington, DC",,United States,2006,2006-07-20,2006-07-20,"How Information Visualization Can Support NCI's Fight Against Cancer, Cyberinfrastructures in Service of Health, Informatics in Action talk series","Ketan Mane, Katy Börner",64
"New Horizons in Internet Site Development Workshop, Banbury Center, Cold Spring Harbor Laboratory_2006","New Horizons in Internet Site Development Workshop, Banbury Center, Cold Spring Harbor Laboratory",Cold Spring Harbor,New York,United States,2006,2006-10-23,2006-10-25,Mapping the Structure and Evolution of Science Locally and Globally,Katy Börner,63
"OCI, NSF_2006","OCI, NSF","Washington, DC",,United States,2006,2006-12-13,2006-12-13,User-Friendly Cyberinfrastructures and Their Utility for Scholarly Knowledge Management Talk,,
American Museum of Science and Energy_2007,American Museum of Science and Energy,Oak Ridge,Tennessee,United States,2007,2007-01-01,2007-01-01,American Museum of Science and Energy,Ken Mayes,1
National Academies_2007,National Academies,San Jose,California,United States,2007,2007-01-29,2007-01-30,Designing Cyberinfrastructure for Collaboration and Innovation,Bonnie DeVarco,4
SPIE Conference on Visualization and Data Analysis_2007,SPIE Conference on Visualization and Data Analysis,San Jose,California,United States,2007,2007-01-29,2007-01-30,SPIE Conference on Visualization and Data Analysis,,
Google_2007,Google,Mountain View,California,United States,2007,2007-01-31,2007-01-31,"Scholarly Data, Network Science, and (Google) Maps – Modeling, Mapping, and Exploring the Dynamic Landscape of Science Talk",,
National Institute of Informatics_2007,National Institute of Informatics,Tokyo,,Japan,2007,2007-02-06,2007-02-06,National Institute of Informatics,Katy Börner,63
National Institute of Science and Technology Policy (NISTEP)_2007,National Institute of Science and Technology Policy (NISTEP),Tokyo,,Japan,2007,2007-02-13,2007-02-13,Mapping Science: Analyzing and Visualizing the Dynamics of Scholarly Knowledge and Innovations Talk,Katy Börner,63
New York Hall of Science_2007,New York Hall of Science,Queens,New York,United States,2007,2007-02-22,2007-02-22,NYHS exhibit Tour for Google | NetSci Conference,Brad Paley,
233rd ACS National Meeting & Exposition_2007,233rd ACS National Meeting & Exposition,Chicago,Illinois,United States,2007,2007-03-25,2007-03-28,233rd ACS National Meeting & Exposition,Vanessa Johnson-Evans,
"NSF Town Hall Meeting, American Chemical Society_2007","NSF Town Hall Meeting, American Chemical Society",Chicago,Illinois,United States,2007,2007-03-26,2007-03-26,Mapping the Structure and Evolution of Chemistry,,
Association of American Geographers Annual Meeting_2007,Association of American Geographers Annual Meeting,San Francisco,California,United States,2007,2007-04-17,2007-04-21,Association of American Geographers Annual Meeting,"Dawn Wright, André Skupin",2
Monroe County Public Library_2007,Monroe County Public Library,Bloomington,Indiana,United States,2007,2007-05-01,2007-05-30,Monroe County Public Library | The Story of Science Maps Talk,"Katy Börner | Margaret Harter, Julie Smith",63
"Bloomington Science Cafe, Borders_2007","Bloomington Science Cafe, Borders",Bloomington,Indiana,United States,2007,2007-05-10,2007-05-10,"Scholarly Data, Network Science, and (Google) Maps-Modeling, Mapping, and Exploring the Dynamic Landscape of Science Talk",,
Arlington Hilton_2007,Arlington Hilton,"Washington, DC",,United States,2007,2007-05-14,2007-05-14,Complexity and Emergent Phenomena in Chemical Systems Workshop,,
National Science Foundation_2007,National Science Foundation,"Washington, DC",,United States,2007,2007-05-14,2007-05-14,"Mapping the Evolving Interface of Mainstream Chemistry and the Fields of Biochemistry, Biology, and Bioengineering | NSF Workshop on Visual Exploration",,
National Geographic_2007,National Geographic,"Washington, DC",,United States,2007,2007-05-15,2007-05-15,National Geographic,Allen Carroll,
Indiana University_2007,Indiana University,Bloomington,Indiana,United States,2007,2007-05-17,2007-05-17,University Research Magazine Association,Lauren Bryant,
The 5th International Symposium on Digital Earth_2007,The 5th International Symposium on Digital Earth,San Francisco,California,United States,2007,2007-06-05,2007-06-09,The 5th International Symposium on Digital Earth,Bonnie DeVarco,4
11th International Conference of the International Society for Scientometrics and Informetrics_2007,11th International Conference of the International Society for Scientometrics and Informetrics,Madrid,,Spain,2007,2007-06-25,2007-06-27,11th International Conference of the International Society for Scientometrics and Informetrics,Katy Börner,63
New Network Theory Conference Keynote_2007,New Network Theory Conference Keynote,Amsterdam,,Netherlands,2007,2007-06-29,2007-06-29,New Network Theory Conference Keynote,Katy Börner,63
11th International Conference on Information Visualization_2007,11th International Conference on Information Visualization,Zurich,,Switzerland,2007,2007-07-03,2007-07-06,11th International Conference on Information Visualization,"Sandra Wipfli, Remo Burkhard, Katy Börner, Bruce Herr",64
"Hall of Flags, Administration Building_2007","Hall of Flags, Administration Building",Gaithersburg,Maryland,United States,2007,2007-07-04,2007-07-25,National Institute of Standards and Technology,Patricia Hilton,
"ARchENA, Honggerberg_2007","ARchENA, Honggerberg",Zurich,,Switzerland,2007,2007-07-04,2007-07-26,Visualizing Knowledge,Remo Burkhard,1
SIGGRAPH 2007_2007,SIGGRAPH 2007,San Diego,California,United States,2007,2007-08-05,2007-08-09,34th International Conference and Exhibition on Computer Graphics and Interactive Techniques,,
Office of Intergovernmental Solutions_2007,Office of Intergovernmental Solutions,"Washington, DC",,United States,2007,2007-08-14,2007-08-14,Expedition Workshop/Mapping Public Goods And Services Connecting To Science And Scholarly Knowledge,Susan B. Turnbull,
Third International Conference on e-Social Science_2007,Third International Conference on e-Social Science,Ann Arbor,Michigan,United States,2007,2007-10-08,2007-10-09,Third International Conference on e-Social Science,,
Society for Social Studies of Science (4S)_2007,Society for Social Studies of Science (4S),Montréal,Quebec,Canada,2007,2007-10-11,2007-10-13,Society for Social Studies of Science (4S),Andréa Scharnhorst,5
"School of Library and Information Science, Indiana University_2007","School of Library and Information Science, Indiana University",Bloomington,Indiana,United States,2007,2007-10-15,2007-10-15,Cyberinfrastructure for Network Science Center & InfoVis Lab Annual Open House,,
"Wells Library, Indiana University_2007","Wells Library, Indiana University",Bloomington,Indiana,United States,2007,2007-11-14,2007-11-14,GIS Day 2007,,
Indiana Library Federation Annual Conference_2007,Indiana Library Federation Annual Conference,Indianapolis,Indiana,United States,2007,2007-11-14,2007-11-14,Indiana Library Federation Annual Conference,Sarah Burton,
"Virtual Knowledge Studio, Royal Academy of Arts and Science (KNAW)_2007","Virtual Knowledge Studio, Royal Academy of Arts and Science (KNAW)",Amsterdam,,Netherlands,2007,2007-12-14,2007-12-14,Plenary Meeting: Transformation in and of Research,Andréa Scharnhorst,5
American Museum of Science and Energy_2008,American Museum of Science and Energy,Oak Ridge,Tennessee,United States,2008,2008-01-01,2008-01-01,American Museum of Science and Energy,Ken Mayes,1
University of Alberta_2008,University of Alberta,Edmonton,Alberta,Canada,2008,2008-01-01,2008-01-01,University of Alberta,,
OSTI Meeting_2008,OSTI Meeting,Oak Ridge,Tennessee,United States,2008,2008-01-03,2008-01-03,OSTI Meeting,Katy Börner,63
Interdisciplinary Seminar of the Heraeus Foundation_2008,Interdisciplinary Seminar of the Heraeus Foundation,Bad Honnef,,Germany,2008,2008-01-20,2008-01-24,"Mapping the Evolution of Science Talk, Evolution and Physics – Concepts, Models and Applications",Andréa Scharnhorst,5
Rathenau Institute_2008,Rathenau Institute,The Hague,,Netherlands,2008,2008-01-24,2008-01-24,Rathenau Institute,Peter van den Besselaar,1
Tradewinds Island Resort_2008,Tradewinds Island Resort,St. Pete Beach,Florida,United States,2008,2008-01-24,2008-01-24,SUNBELT XXVIII International Sunbelt Social Network Conference,"Russell Duhon, Ann McCranie",1
Virtual Knowledge Studio_2008,Virtual Knowledge Studio,Amsterdam,,Netherlands,2008,2008-01-25,2008-01-25,Science from Above Talk,,
"Semantic Technologies in Astronomy Workshop, Caltech_2008","Semantic Technologies in Astronomy Workshop, Caltech",Pasadena,California,United States,2008,2008-02-18,2008-02-21,Science of Science Keynote,Matthew J. Graham,
NSF Building_2008,NSF Building,"Washington, DC",,United States,2008,2008-03-10,2008-03-11,NSF Workshop on Knowledge Management and Visualization Tools in Support of Discovery (I),,
National Cancer Institute_2008,National Cancer Institute,"Washington, DC",,United States,2008,2008-03-12,2008-03-12,Recommendations for Evaluating Large Interdisciplinary Research Initiatives Talk,"Xuemei Feng, NIH/NCI",
Designing cyberinfrastructure to enable US- China collaboration in tobacco research Workshop_2008,Designing cyberinfrastructure to enable US- China collaboration in tobacco research Workshop,Beijing,,China,2008,2008-03-27,2008-03-29,Designing cyberinfrastructure to enable US- China collaboration in tobacco research Workshop,"Noshir Contractor, Daniel Zheng",2
San Diego Marriott_2008,San Diego Marriott,La Jolla,California,United States,2008,2008-03-31,2008-03-31,"Cyberinfrastructure in Behavioral Medicine, Expert Panel Workshop",Katy Börner,63
National Research Council_2008,National Research Council,Ottawa,,Canada,2008,2008-04-03,2008-06-27,National Research Council,,
New York Hall of Science_2008,New York Hall of Science,Queens,New York,United States,2008,2008-04-07,2008-04-08,NSF Workshop on Knowledge Management and Visualization Tools in Support of Discovery (II),"Katy Börner, Bonnie Huang",63
Association of Amercian Geographers Annual Meeting_2008,Association of Amercian Geographers Annual Meeting,Boston,Massachusetts,United States,2008,2008-04-15,2008-04-19,Association of Amercian Geographers Annual Meeting,Hamid Ekbia,
28th CNLS Annual Conference_2008,28th CNLS Annual Conference,Santa Fe,New Mexico,United States,2008,2008-05-12,2008-05-13,Challenges in Information Science and Technology,Frank Alexander,
The National Science Library of the Chinese Academy of Sciences_2008,The National Science Library of the Chinese Academy of Sciences,Beijing,,China,2008,2008-05-17,2008-06-30,The National Science Library of the Chinese Academy of Sciences,,
Indiana University Information Technology Strategic Plan 2 (ITSP2) event_2008,Indiana University Information Technology Strategic Plan 2 (ITSP2) event,Bloomington,Indiana,United States,2008,2008-05-20,2008-05-20,3rd iteration and Illuminated Diagrams on display,,
Erasmus University Rotterdam_2008,Erasmus University Rotterdam,Rotterdam,,Netherlands,2008,2008-06-13,2008-09-30,"Inaugural lecture of Paul Wouters, chair of Dynamics of Knowledge","Carmen Heijmerink, Kim de Vries van Overdam, Andréa Scharnhorst",5
"Institute of Cognitive Sciences (ISC), Université du Québec_2008","Institute of Cognitive Sciences (ISC), Université du Québec",Montréal,,Canada,2008,2008-06-28,2008-07-06,Summer School on Social Cognition (Minds and Societies),"Stevan Harnad, Guillaume Chicoisne",
"21st Century Science Maps Talk, Perimeter Institute_2008","21st Century Science Maps Talk, Perimeter Institute",Waterloo,Ontario,Canada,2008,2008-09-08,2008-09-12,Science in the 21st Century,Sabine Hossenfelder,
NSF Workshop_2008,NSF Workshop,Arlington,Virginia,United States,2008,2008-09-11,2008-09-12,A Deeper Look at the Visualization of Scientific Discovery,Susan Cozzens,
10th International Conference on Science and Technology Indicators_2008,10th International Conference on Science and Technology Indicators,Vienna,,Austria,2008,2008-09-17,2008-09-20,10th International Conference on Science and Technology Indicators,Kevin W. Boyack,
Biosphere 2_2008,Biosphere 2,Oracle,Arizona,United States,2008,2008-10-01,2008-10-02,"Mechanistic Basis of Plant Adaptation, Grand Challenge Workshop","Timothy Kelley, David Salt",
"NIH Office of Portfolio Analysis and Strategic Initiatives (OPASI), National Institutes of Health_2008","NIH Office of Portfolio Analysis and Strategic Initiatives (OPASI), National Institutes of Health",Bethesda,Maryland,United States,2008,2008-10-02,2008-10-03,Science of Science Management Meeting,Deborah Duran,
Cornell University_2008,Cornell University,Ithaca,New York,United States,2008,2008-11-13,2008-12-08,Cornell University,Kathy Chian,
"Council Chamber for Economic, Social, and Environmental Council of the French government, Palais d'Iéna_2008","Council Chamber for Economic, Social, and Environmental Council of the French government, Palais d'Iéna",Paris,,France,2008,2008-11-24,2008-11-25,Science in Society: Dialogues and Scientific Responsibility Conference,Colin Allen,
"'Program for the Future' Conference, San Jose Tech Museum of Innovation, Stanford University_2008","'Program for the Future' Conference, San Jose Tech Museum of Innovation, Stanford University",Stanford,California,United States,2008,2008-12-08,2008-12-09,Doug Engelbart’s Mother of All Demos 40th year anniversary,,
Center of Advanced European Studies and Research_2008,Center of Advanced European Studies and Research,Bonn,,Germany,2008,2008-12-11,2008-12-19,Center of Advanced European Studies and Research,,
"3rd Annual iFQ Conference, Institute for Research Information and Quality Assurance_2008","3rd Annual iFQ Conference, Institute for Research Information and Quality Assurance",Bonn,,Germany,2008,2008-12-11,2008-12-12,Foresight - Between Science and Fiction Tagung,"Frau Heise, Herr Hornborstel",
The Institute for Research Information and Quality Assurance_2008,The Institute for Research Information and Quality Assurance,Bonn,,Germany,2008,2008-12-20,2008-12-31,The Institute for Research Information and Quality Assurance,,
Science Express Train_2009,Science Express Train,,,Germany,2009,2009-01-01,2009-01-01,Science Express Train,Oliver Wia (www.archi-me-des.com),
The Institute for Research Information and Quality Assurance_2009,The Institute for Research Information and Quality Assurance,Bonn,,Germany,2009,2009-01-01,2009-12-31,The Institute for Research Information and Quality Assurance,,
University of Alberta_2009,University of Alberta,Edmonton,,Canada,2009,2009-01-01,2009-01-01,University of Alberta,,
Osaka University_2009,Osaka University,Osaka,,Japan,2009,2009-01-22,2009-01-22,SANKEN International Symposium,,
"Virtual Knowledge Studio, Virtual Knowledge Studio, Royal Netherlands Academy of Arts and Sciences_2009","Virtual Knowledge Studio, Virtual Knowledge Studio, Royal Netherlands Academy of Arts and Sciences",Amsterdam,,Netherlands,2009,2009-02-13,2009-02-13,CYSWIK (Can You See What I Know) Reception,Andréa Scharnhorst,5
Seed Magazine Headquarters_2009,Seed Magazine Headquarters,New York,New York,United States,2009,2009-02-23,2009-02-24,Seed Magazine Headquarters,,
Binghamton University_2009,Binghamton University,Binghamton,New York,United States,2009,2009-02-25,2009-04-09,Science Library,Jill Dixon,
Japan Society for the Promotion of Science_2009,Japan Society for the Promotion of Science,Tokyo,,Japan,2009,2009-03-01,2009-06-01,Japan Society for the Promotion of Science,Masayuki NUMAO,
German Physical Society_2009,German Physical Society,Dresden,,Germany,2009,2009-03-22,2009-03-27,Physics of Socio-Economic Systems Annual Meeting,Dirk Helbing,
Stanford University_2009,Stanford University,Stanford,California,United States,2009,2009-04-15,2009-12-18,Stanford University,,
L'Istituto Veneto di Scienze_2009,L'Istituto Veneto di Scienze,Venice,,Italy,2009,2009-04-21,2009-04-25,NetSci 2009,"Guido Caldarelli, Vittoria Colizza",
New York Hall of Science_2009,New York Hall of Science,Queens,New York,United States,2009,2009-05-06,2009-05-08,"CWA Workshop | NSF/JSMF Workshop on How to Measure, Map, and Dramatize Science","Katy Börner, Stephen Uzzo, Joy Moore",63
International Council for Scientific and Technical Information Conference_2009,International Council for Scientific and Technical Information Conference,Ottawa,,Canada,2009,2009-07-09,2009-07-10,International Council for Scientific and Technical Information Conference,Leah Vanderjagt,
Society for Philosophy and Psychology Annual Conference_2009,Society for Philosophy and Psychology Annual Conference,Bloomington,Indiana,United States,2009,2009-07-12,2009-07-14,Society for Philosophy and Psychology Annual Conference,,
International Conference on Scientometrics and Informetrics_2009,International Conference on Scientometrics and Informetrics,Rio de Janeiro,,Brazil,2009,2009-07-14,2009-07-17,International Conference on Scientometrics and Informetrics,"Abel Packer, Elenice de Castro",
Indiana University_2009,Indiana University,Bloomington,Indiana,United States,2009,2009-07-14,2009-07-16,NACAP 2009,,
U.S. Census Bureau and World Bank Seminar_2009,U.S. Census Bureau and World Bank Seminar,"Washington, DC",,United States,2009,2009-07-15,2009-07-16,"Innovative Approaches to Turn Statistics into Knowledge, Organisation for Economic Co-operation and Development",Deborah MacPherson,6
"Gordon Research Conference, Magdalen College, Oxford University_2009","Gordon Research Conference, Magdalen College, Oxford University",Oxford,,United Kingdom,2009,2009-07-26,2009-07-31,"Envisioning and Communicating Science, Visualization in Science and Education",Shaaron Ainsworth,
Workshop: Information Kinetics_2009,Workshop: Information Kinetics,Arteleku,,Spain,2009,2009-08-12,2009-08-12,Workshop: Information Kinetics,Angela Zoss,3
European Conference on Artificial Life 2009_2009,European Conference on Artificial Life 2009,Budapest,,Hungary,2009,2009-08-21,2009-08-21,European Conference on Artificial Life 2009,George Kampis,
University of Surrey_2009,University of Surrey,Guildford,,United Kingdom,2009,2009-09-14,2009-09-18,"Conference on the Social Processes of Science, European Social Simulation Association,",Nigel Gilbert,
Atlanta Conference on Science and Innovation Policy_2009,Atlanta Conference on Science and Innovation Policy,Atlanta,Georgia,United States,2009,2009-10-02,2009-10-03,Atlanta Conference on Science and Innovation Policy,Margaret Clements,1
Technology Transfer Society (T2S) Annual Conference_2009,Technology Transfer Society (T2S) Annual Conference,Greensboro,North Carolina,United States,2009,2009-10-02,2009-10-02,Technology Transfer Society (T2S) Annual Conference,Margaret Clements,1
Modeling Science Workshop_2009,Modeling Science Workshop,Amsterdam,,Netherlands,2009,2009-10-06,2009-10-09,Modeling Science Workshop,"Peter van den Besselaar, Katy Börner, Andréa Scharnhorst",69
National Institutes of Health_2009,National Institutes of Health,Bethesda,Maryland,United States,2009,2009-10-21,2009-10-21,NWB and Sci2 Tool Workshop,James Onken,
George Washington University_2009,George Washington University,"Washington, DC",,United States,2009,2009-10-21,2009-10-21,"STEM Enterprise: Measures for Innovation and Competitiveness | Science of Science Policy (SoSP) Workshop: Best Practices in Research & Development Prioritization, Management, and Evaluation",Martin Sokoloski,
IEEE International Conference on e-Science_2009,IEEE International Conference on e-Science,Oxford,,United Kingdom,2009,2009-12-07,2009-12-09,5th IEEE International Conference on e-Science,Eric Meyer,
American Geophysical Union_2009,American Geophysical Union,San Francisco,California,United States,2009,2009-12-14,2009-12-18,Fall Meeting,Peter Fox,
ARS Electronica Museum_2010,ARS Electronica Museum,Linz,,Austria,2010,2010-01-01,2010-01-01,"Emergent Mosaic of Wikipedian Activity, The World in 100 Years",,
The Institute for Research Information and Quality Assurance_2010,The Institute for Research Information and Quality Assurance,Bonn,,Germany,2010,2010-01-01,2010-12-31,The Institute for Research Information and Quality Assurance,,
University of Florida_2010,University of Florida,Gainesville,Florida,United States,2010,2010-01-15,2010-06-30,Marston Science Library | NIH Workshop on Identifiers and Disambiguation in Scholarly Work,Katy Börner | Valrie Davis,63
University of Michigan_2010,University of Michigan,Ann Arbor,Michigan,United States,2010,2010-02-10,2010-02-10,SEAD DataNet NSF Site Visit,Robert Ping,1
University of Southern California_2010,University of Southern California,Los Angeles,California,United States,2010,2010-02-19,2010-02-20,International Seminar on Multidimensional Network Theory,Noshir Contractor,2
Indiana University_2010,Indiana University,Bloomington,Indiana,United States,2010,2010-03-04,2010-03-05,NSF/JSMF Workshop on Mapping Science and the Semantic Web,Mark A. Price,
Japan Science and Technology Agency_2010,Japan Science and Technology Agency,Tokyo,,Japan,2010,2010-03-09,2010-03-10,Center for Research and Development Strategy (CRDS),"Asako Okamura, Katy Börner",64
Leipziger Kongress für Information und Bibliothek_2010,Leipziger Kongress für Information und Bibliothek,Leipzig,,Germany,2010,2010-03-15,2010-03-18,Leipziger Kongress für Information und Bibliothek,,
The Division Physics of Socio-Economic Systems_2010,The Division Physics of Socio-Economic Systems,Regensburg,,Germany,2010,2010-03-22,2010-03-26,German Physical Society,,
EuroVis 2010_2010,EuroVis 2010,Bordeaux,,France,2010,2010-07-09,2010-07-11,EuroVis 2010,,
The University of Queensland_2010,The University of Queensland,Brisbane,,Australia,2010,2010-07-21,2010-07-25,Joint Conference on Digital Libraries 2010,,
Science Foo Camp (scifoo) 2010_2010,Science Foo Camp (scifoo) 2010,Mountain View,California,United States,2010,2010-07-31,2010-08-01,Science Foo Camp (scifoo) 2010,"Johan Bollen, Bonnie DeVarco",4
New York Hall of Science_2010,New York Hall of Science,New York,New York,United States,2010,2010-08-12,2010-08-13,First National VIVO Conference Enabling National Networking of Scientists,,
"University of California, Los Angeles_2010","University of California, Los Angeles",Los Angeles,California,United States,2010,2010-08-15,2010-08-27,NEH Institute on Network Analysis for the Humanities,Tim Tangherlini,1
Science and Technology Indicators Conference_2010,Science and Technology Indicators Conference,Leiden,,Netherlands,2010,2010-09-08,2010-09-11,Science and Technology Indicators Conference,Ed Noijons,
"University Library, Leipzig_2010","University Library, Leipzig",Leipzig,,Germany,2010,2010-09-25,2010-09-26,Wikipedia: Critical Point of View,Andreas Mollencamp,
ESF-COST High-Level Research Conference_2010,ESF-COST High-Level Research Conference,Acquafredda di Maratea,,Italy,2010,2010-10-02,2010-10-07,Future Internet and Society: A Complex Systems Perspective,"Romualdo Pastor-Satorras, Claudio Castellan",
University College Dublin_2010,University College Dublin,Dublin,,Ireland,2010,2010-11-01,2010-11-30,Places & Spaces: Mapping Science,,
UCD Conference_2010,UCD Conference,Dublin,,Ireland,2010,2010-11-15,2010-11-16,Cultural Dimensions of Innovation,"Petra Ahrweiler, André Skupin, Katy Börner",65
Challenges of Visualizing Biological Data Workshop_2010,Challenges of Visualizing Biological Data Workshop,Bristol,,United Kingdom,2010,2010-11-16,2010-11-17,Challenges of Visualizing Biological Data Workshop,Katy Börner,63
Kavli Royal Society International Center_2010,Kavli Royal Society International Center,London,,United Kingdom,2010,2010-11-16,2010-11-17,Royal Society Global Science Report Launch Conference,"David Stilgoe, Katy Börner",63
National Academy of Science Workshop_2010,National Academy of Science Workshop,"Washington, DC",,United States,2010,2010-11-29,2010-11-30,Science of Science Measurement | Star Metrics,"Julia Lane and Katy Börner | Julia Lane, Katy Börner",63
Workshop_2010,Workshop,"Washington, DC",,United States,2010,2010-12-01,2010-12-02,Mapping the Structure and Evolution of Sustainability Science,"Julia Lane, Katy Börner",63
ARS Electronica Museum_2011,ARS Electronica Museum,Linz,,Austria,2011,2011-01-01,2011-01-01,"Emergent Mosaic of Wikipedian Activity, The World in 100 Years",,
Science Express Train_2011,Science Express Train,,,Germany,2011,2011-01-01,2011-01-01,Science Express Train,,
The Institute for Research Information and Quality Assurance_2011,The Institute for Research Information and Quality Assurance,Bonn,,Germany,2011,2011-01-01,2011-12-31,The Institute for Research Information and Quality Assurance,,
iConference_2011,iConference,Seattle,Washington,United States,2011,2011-02-08,2011-02-11,Scientometrics Workshop,Angela Zoss,3
AAAS Annual Meeting_2011,AAAS Annual Meeting,Washington,District of Columbia,United States,2011,2011-02-17,2011-02-21,AAAS Annual Meeting,Katy Börner,63
Northwestern University_2011,Northwestern University,Chicago,Illinois,United States,2011,2011-03-05,2011-03-06,2011 Science of Team Science Conference | Web Science Meets Network Science Workshop,"Holly Falk-Krezinski, Katy Börner | Noshir Contractor, Katy Börner",65
University of Michigan_2011,University of Michigan,Ann Arbor,Michigan,United States,2011,2011-03-07,2011-03-24,University of Michigan,Tim Utter,
University of Huddersfield_2011,University of Huddersfield,,,United Kingdom,2011,2011-03-10,2011-03-11,"ADS-VIS2011: Making visible the invisible: Art, Design and Science in Data Visualisation",Michael J. Stamper,3
International Workshop on Mining the Digital Traces of Science_2011,International Workshop on Mining the Digital Traces of Science,Paris,,France,2011,2011-03-22,2011-03-25,International Workshop on Mining the Digital Traces of Science,Angela Zoss,3
Purdue University_2011,Purdue University,Indianapolis,Indiana,United States,2011,2011-04-05,2011-04-06,HUBbubZero User Workshop,Katy Börner,63
Torun's Festival of Science and Art_2011,Torun's Festival of Science and Art,Torun,,Poland,2011,2011-04-15,2011-04-19,Torun's Festival of Science and Art,Veslava Osinska,4
Scientific Mapping and Analytics_2011,Scientific Mapping and Analytics,Santa Fe,New Mexico,United States,2011,2011-05-10,2011-05-10,Scientific Mapping and Analytics,"Gali Halevi, Katy Börner",65
Pedagogical University of Cracow_2011,Pedagogical University of Cracow,Cracow,,Poland,2011,2011-05-16,2011-05-17,Educational Space in Library,Veslava Osinska,4
COST Workshop_2011,COST Workshop,Eindhoven,,Netherlands,2011,2011-05-18,2011-05-20,COST Workshop,Andrea Scharnhorst,15
University of North Carolina_2011,University of North Carolina,Charlotte,North Carolina,United States,2011,2011-06-02,2011-06-02,Institute for Advanced Technologies in the Digital Humanities,"Richard Preville, Katy Börner",63
Collaboration visit_2011,Collaboration visit,Zurich,,Switzerland,2011,2011-06-04,2011-07-04,Collaboration visit,"Dirk Helbig, Katy Börner",63
Network Analysis Conference_2011,Network Analysis Conference,Naples,,Italy,2011,2011-06-23,2011-06-25,Network Analysis Conference,"Loet Leydesdorff, Maria Rosaria D'Esposito",
ISSI_2011,ISSI,Durban,,South Africa,2011,2011-07-04,2011-07-15,ISSI,,
Gordon Research Conference at Bryant University_2011,Gordon Research Conference at Bryant University,Denver,Colorado,United States,2011,2011-07-10,2011-07-15,SciDAC 2011 Scientific Discovery through Advanced Computing Program | Visualization in Science & Education - Transformation by Visualization: Radical Effects on Learning in Science and Across Education,Katy Börner | Michael J. Stamper,66
VIVO 2011 Conference_2011,VIVO 2011 Conference,"Washington, DC",,United States,2011,2011-08-24,2011-08-26,VIVO 2011 Conference,Katy Börner,63
Battelle Center for Science & Technology_2011,Battelle Center for Science & Technology,Columbus,Ohio,United States,2011,2011-09-09,2011-09-09,Battelle Center for Science & Technology opening reception,Caroline Wagner,
Held jointly by the Advanced Research Projects Agency for Energy (ARPA-E) and the U.S. Department of Energy's Office of Energy Efficiency and Renewable Energy (EERE)_2011,Held jointly by the Advanced Research Projects Agency for Energy (ARPA-E) and the U.S. Department of Energy's Office of Energy Efficiency and Renewable Energy (EERE),"Washington, DC",,United States,2011,2011-09-14,2011-09-14,"Program Impact Evaluation, Workshop",Jeff Dowd,
NSF Workshop_2011,NSF Workshop,Arlington,Virginia,United States,2011,2011-09-15,2011-09-15,"Data Coding, Analysis, Archiving, and Sharing for Open Collaboration: From OpenSHAPA to Open Data Sharing","Karen Adolph, Penelope Sanderson",
"COLLNET 2011, 7th International Conference_2011","COLLNET 2011, 7th International Conference",Istanbul,,Turkey,2011,2011-09-20,2011-09-23,"Webometrics, Informetrics and Scientometrics (WIS)",Bulent Ozel,
University of North Texas_2011,University of North Texas,Denton,Texas,United States,2011,2011-09-30,2012-01-24,University of North Texas,Kathryn Masten,
Taming Complexity TTI Vanguard Conference_2011,Taming Complexity TTI Vanguard Conference,"Washington, DC",,United States,2011,2011-10-04,2011-10-04,Taming Complexity TTI Vanguard Conference,Hal Levin,
GWU Statistics Center_2011,GWU Statistics Center,Rockville,Maryland,United States,2011,2011-10-06,2011-10-06,NIH SWAM Network Meeting,Irene Eckstrand,
Indiana University_2011,Indiana University,Bloomington,Indiana,United States,2011,2011-10-10,2011-10-10,IN CTSI retreat,"Bill Hetrick, Bill Barnett",
National Academy of Sciences_2011,National Academy of Sciences,Arlington,Virginia,United States,2011,2011-10-17,2011-10-18,JSMF funded Workshop on 'Artists Envision S&T' Workshop,"Katy Börner, JD Talasek, Director of Cultural Programs of the National Academy of Sciences",63
IN CTSI Symposium_2011,IN CTSI Symposium,Indianapolis,Indiana,United States,2011,2011-11-02,2011-11-03,Disease and Therapeutic Response Modeling,Dr. Robert Bies,
University of Pittsburgh_2011,University of Pittsburgh,Pittsburgh,Pennsylvania,United States,2011,2011-11-09,2011-11-10,Envisioning Science and Technology talk,,
"Indiana University's GIS Day, Wells Library Atrium_2011","Indiana University's GIS Day, Wells Library Atrium",Bloomington,Indiana,United States,2011,2011-11-16,2011-11-16,Katy presents Keynote on 'Mapping Science and Technology Activity in Geospatial and Topical Spaces',Anna Radue,
"CNS, Indiana University_2011","CNS, Indiana University",Bloomington,Indiana,United States,2011,2011-11-17,2011-11-18,JSMF funded Workshop on 'Anyone Can Map: Charting and Exploring the History and Future of Science and Technology',,
Carnegie Institution for Science_2011,Carnegie Institution for Science,"Washington, DC",,United States,2011,2011-12-02,2011-12-02,Dupont Summit,,
Meertens Institute_2012,Meertens Institute,Amsterdam,,Netherlands,2012,2012-01-19,2012-01-19,Workshop on Visualization for the Digital Humanities,Andrea Scharnhorst,15
Northeastern University_2012,Northeastern University,Boston,Massachusetts,United States,2012,2012-02-01,2012-03-30,Northeastern University,"Thomas Urell, William Wakeling",
EMBL_2012,EMBL,Heidelberg,,Germany,2012,2012-03-06,2012-03-08,Keynote at Conference Series Visualizing Biological Data (VizBi),"Seán O'Donoghue, Anja Maria Kroeffges",
Organisation for Economic Co-operation and Development (OECD) Global Science Forum_2012,Organisation for Economic Co-operation and Development (OECD) Global Science Forum,Paris,,France,2012,2012-04-11,2012-04-13,Science and Technological Policy (CSTP),Fernando Galindo-Rueda,
US National Institute of Standards and Technology (NIST)_2012,US National Institute of Standards and Technology (NIST),Gaithersburg,Maryland,United States,2012,2012-04-12,2012-04-13,Ontology Summit 2012 Symposium,Deborah MacPherson,6
Keynote at Second International Conference on Learning Analytics & Knowledge (LAK)_2012,Keynote at Second International Conference on Learning Analytics & Knowledge (LAK),Vancouver,,Canada,2012,2012-04-16,2012-04-29,Keynote at Second International Conference on Learning Analytics & Knowledge (LAK),Simon Buckingham Shum,
WTEC workshop_2012,WTEC workshop,"Washington, DC",,United States,2012,2012-06-25,2012-06-26,Transforming Tools of Emerging and Converging Technologies for Societal Benefit,Chin Hua Kong,2
Smithsonian Folklife Festival_2012,Smithsonian Folklife Festival,"Washington, DC",,United States,2012,2012-06-27,2012-07-08,Illuminated Diagram Display,"Chin Hua Kong, Michael J. Stamper",5
University of Pittsburgh_2012,University of Pittsburgh,Pittsburgh,Pennsylvania,United States,2012,2012-07-20,2012-07-22,Keynote Speaker at International Society of the Psychology of Science and Technology (ISPST),Katy Börner,63
National Institutes of Health_2012,National Institutes of Health,"Washington, DC",,United States,2012,2012-07-23,2012-07-24,Plenary Talk and Sci2 Tutorial,Katy Börner,63
STI Conference Series_2012,STI Conference Series,Montréal,Quebec,Canada,2012,2012-09-05,2012-09-08,STI Conference Series,Vincent Larivière,
Indiana University_2012,Indiana University,Bloomington,Indiana,United States,2012,2012-09-24,2012-09-25,Plug-and-Play Macroscope Workshop | Statewide IT Conference,"Chin Hua Kong, Katy Börner",65
Chalmers Annual Library Seminar_2012,Chalmers Annual Library Seminar,Gothenburg,,Sweden,2012,2012-09-26,2012-09-26,Chalmers Annual Library Seminar,Stina Johansson,1
Keck Center Gallery_2012,Keck Center Gallery,"Washington, DC",,United States,2012,2012-09-30,2012-12-15,National Academy of Sciences,J.D. Talasek,2
Mundaneum Museum_2012,Mundaneum Museum,Mons,,Belgium,2012,2012-10-09,2013-06-01,Mundaneum Museum,Vincent Delvaux,
2012 NACIS Conference_2012,2012 NACIS Conference,Portland,Oregon,United States,2012,2012-10-17,2012-10-19,Exhibit Display and Keynote Talk,Neil Allen,
Yale University_2012,Yale University,New Haven,Connecticut,United States,2012,2012-10-26,2012-10-26,Big Data Analysis in Science Symposium,,
CTSI Symposium on Disease and Therapeutic Response Modeling_2012,CTSI Symposium on Disease and Therapeutic Response Modeling,Indianapolis,Indiana,United States,2012,2012-11-13,2012-11-14,CTSI Symposium on Disease and Therapeutic Response Modeling,Robert Bies,
Annual History of Science Conference_2012,Annual History of Science Conference,San Diego,California,United States,2012,2012-11-15,2012-11-18,Annual History of Science Conference,André Skupin,2
"Herman B Wells Library, Indiana University_2012","Herman B Wells Library, Indiana University",Bloomington,Indiana,United States,2012,2012-11-26,2012-11-30,IQ-Wall,Tassie Gniady,
"Moorhead, Art & Design Building_2012","Moorhead, Art & Design Building",Moorhead,Minnesota,United States,2012,2012-11-28,2012-11-28,Minnesota State University,Michael J. Stamper,3
Innovation Policy Research Center at The University of Tokyo_2012,Innovation Policy Research Center at The University of Tokyo,Tokyo,,Japan,2012,2012-12-12,2012-12-14,International Symposium on Science of Science and Innovation Policy,Yuya Kajikawa,
Upstairs Gallery_2013,Upstairs Gallery,"Washington, DC",,United States,2013,2013-01-01,2013-06-01,National Academy of Sciences,J.D. Talasek,2
KNAW_2013,KNAW,Amsterdam,,Netherlands,2013,2013-01-16,2013-01-22,VIVO Workshop,,
Wonderlab_2013,Wonderlab,Bloomington,Indiana,United States,2013,2013-01-21,2013-01-21,Real Life Science: Martin Luther King Jr. Day Celebration,Todd Theriault,6
World Economic Forum Annual Meeting_2013,World Economic Forum Annual Meeting,Davos,,Switzerland,2013,2013-01-23,2013-01-27,World Economic Forum Annual Meeting,Akshay Mohan,
Sunbelt_2013,Sunbelt,Hamburg,,Germany,2013,2013-03-02,2013-03-04,Sci2/NWB Workshop,Ann McCranie,1
Buskirk-Chumley_2013,Buskirk-Chumley,Bloomington,Indiana,United States,2013,2013-03-22,2013-03-22,TEDxBloomington,Katy Börner,63
Indiana University_2013,Indiana University,Bloomington,Indiana,United States,2013,2013-03-25,2013-03-26,CNS Open House | Exploiting Big Data Semantics for Translational Medicine Workshop | Makevention | Plug-and-Play Macroscopes Workshop | Polnet Conference | School of Informatics and Computing (SOIC) Launch Ceremony | Science Mapping Standards Workshop,Todd Theriault,6
1st International Conference on Internet Science_2013,1st International Conference on Internet Science,Brussels,,Belgium,2013,2013-04-10,2013-04-11,1st International Conference on Internet Science,Andrea Scharnhorst,15
ACRL_2013,ACRL,Indianapolis,Indiana,United States,2013,2013-04-10,2013-04-13,ACRL,Ted Polley,
Universite de Lille_2013,Universite de Lille,Lille,,France,2013,2013-04-12,2013-04-12,Seminaire Europeen de L'Ecole Doctorale,Andrea Scharnhorst,15
National Academy of Sciences_2013,National Academy of Sciences,"Washington, DC",,United States,2013,2013-04-25,2013-04-26,Sci2 Tutorial and DASER Talk,Katy Börner,63
Institute for Advanced Studies IMT (Institutions-Markets-Technologies)_2013,Institute for Advanced Studies IMT (Institutions-Markets-Technologies),Lucca,,Italy,2013,2013-06-09,2013-06-14,Institute for Advanced Studies IMT (Institutions-Markets-Technologies),"Andrea Scharnhorst, Alexander Petersen",15
Northwestern University_2013,Northwestern University,Evanston,Illinois,United States,2013,2013-06-24,2013-06-27,4th Annual International Science of Team Science Conference,,
Homo Communicativus: Contemporary Faces of Communication and Information_2013,Homo Communicativus: Contemporary Faces of Communication and Information,Torun,,Poland,2013,2013-06-24,2013-06-25,Homo Communicativus: Contemporary Faces of Communication and Information,Veslava Osinska,4
Pontificia Universidad Católica de Chile_2013,Pontificia Universidad Católica de Chile,Santiago,,Chile,2013,2013-08-11,2013-08-13,Collaborative Innovation Networks Conference,Cristobal Garcia,
American Chemical Society Meeting_2013,American Chemical Society Meeting,Indianapolis,Indiana,United States,2013,2013-09-10,2013-09-10,American Chemical Society Meeting,Tony Williams,
"Cyberinfrastructure Building, Indiana University_2013","Cyberinfrastructure Building, Indiana University",Bloomington,Indiana,United States,2013,2013-09-16,2013-09-20,WorldProcessor Globe Exhibit,Ingo Günther,
Open Knowledge Conference (OKCON)_2013,Open Knowledge Conference (OKCON),Geneva,,Switzerland,2013,2013-09-19,2013-09-19,"How to Become a Data Explorer, KnowEscape Workshop and a Satellite Event",Andrea Scharnhorst,15
IEEE Cluster 2013_2013,IEEE Cluster 2013,Indianapolis,Indiana,United States,2013,2013-09-24,2013-09-24,IEEE Cluster 2013,Todd Theriault,6
World Social Science Forum (WSSF 2013)_2013,World Social Science Forum (WSSF 2013),Montréal,Quebec,Canada,2013,2013-10-13,2013-10-15,World Social Science Forum (WSSF 2013),,
"Hunt Library, North Carolina State University_2013","Hunt Library, North Carolina State University",Raleigh,North Carolina,United States,2013,2013-10-14,2013-10-27,The Immersion Theater,Hilary Davis,
SciELO 15 Years Conference_2013,SciELO 15 Years Conference,Sao Paulo,,Brazil,2013,2013-10-22,2013-10-25,Scientometrics - Measurement of Research and Journal Quality,Adriana Luccisano,
The Hague Royal Library_2013,The Hague Royal Library,The Hague,,Netherlands,2013,2013-10-23,2013-10-23,"Knowledge Orders and Science, A joined working group meeting of KNOWeSCAPE",Andrea Scharnhorst,15
"WESit, Indiana University_2013","WESit, Indiana University",Bloomington,Indiana,United States,2013,2013-10-25,2013-10-25,Tech It Out Scavenger Hunt,,
METRICS2013/ASIST Workshop on Informetric and Scientometric Research_2013,METRICS2013/ASIST Workshop on Informetric and Scientometric Research,Montréal,,Canada,2013,2013-11-02,2013-11-02,METRICS2013/ASIST Workshop on Informetric and Scientometric Research,Cassidy R. Sugimoto,
Brandeis University_2013,Brandeis University,Waltham,Massachusetts,United States,2013,2013-11-18,2013-12-02,Digital Display,,
National Science Foundation_2013,National Science Foundation,Ballston,Virginia,United States,2013,2013-11-18,2013-11-19,"GeoVoCamp, Networking and Information Technology Research and Development Program",Deborah MacPherson,6
Aalto University_2013,Aalto University,Espoo,,Finland,2013,2013-11-18,2013-11-20,KnowEscape 2013,Andrea Scharnhorst,15
GIS Day_2013,GIS Day,Bloomington,Indiana,United States,2013,2013-11-20,2013-11-20,GIS Day,,
Delft University of Technology Library_2013,Delft University of Technology Library,Delft,,Netherlands,2013,2013-12-02,2013-12-13,Mediating Justice conference,"Andrea Scharnhorst, Caroline Nevejan",16
Science Café_2013,Science Café,Bloomington,Indiana,United States,2013,2013-12-03,2013-12-03,Science Café,,
Dutch funding agency NWO_2013,Dutch funding agency NWO,Amsterdam,,Netherlands,2013,2013-12-13,2013-12-13,CATCH meeting FACT (Folktales as Classifiable Texts): Patterns in Narrative Texts,,
AAAS Annual Meeting_2014,AAAS Annual Meeting,Chicago,Illinois,United States,2014,2014-02-13,2014-02-17,Screening of the film Humanexus,,
Harvard University_2014,Harvard University,Cambridge,Massachusetts,United States,2014,2014-02-27,2014-02-28,Thinking With Your Eyes: Visualizing the Arts Humanities & Sciences,,
Institut des Systemes Complexes_2014,Institut des Systemes Complexes,Paris,,France,2014,2014-03-06,2014-03-06,Institut des Systemes Complexes,,
"Science Centre World Summit, Technopolis_2014","Science Centre World Summit, Technopolis",Mechelen,,Belgium,2014,2014-03-17,2014-03-19,New Technologies for Learning and Engagement,,
DG Research and Innovation_2014,DG Research and Innovation,Brussels,,Belgium,2014,2014-03-19,2014-12-31,European Commission,,
Royal Netherlands Academy of Arts and Sciences_2014,Royal Netherlands Academy of Arts and Sciences,,,Netherlands,2014,2014-03-27,2014-03-27,New Trends in eHumanities Research meeting,,
Weizmann Institute of Science_2014,Weizmann Institute of Science,Rehovat,,Israel,2014,2014-04-01,2014-04-01,Digital Display,,
Lorentz Workshop_2014,Lorentz Workshop,Leiden,,Netherlands,2014,2014-04-07,2014-04-11,Simulating the Social Processes of Science,Andrea Scharnhorst,15
Linking International Databases to Build Strategic Academic Partnerships in Science_2014,Linking International Databases to Build Strategic Academic Partnerships in Science,"Washington, DC",,United States,2014,2014-05-14,2014-05-15,Linking International Databases to Build Strategic Academic Partnerships in Science,,
Festival de Cannes_2014,Festival de Cannes,Cannes,,France,2014,2014-05-19,2014-05-23,Humanexus film screening,,
College of Social and Media Culture_2014,College of Social and Media Culture,Torun,,Poland,2014,2014-05-21,2014-05-21,Visualization in Computer Science workshop,,
"Science Live Theater, Science Museum of Minnesota_2014","Science Live Theater, Science Museum of Minnesota",St. Paul,Minnesota,United States,2014,2014-06-01,2014-12-31,Jax and the Big Data Beanstalk,Stephanie Long,
NetSci 2014: International School and Conference on Network Science_2014,NetSci 2014: International School and Conference on Network Science,Berkeley,California,United States,2014,2014-06-02,2014-06-06,NetSci 2014: International School and Conference on Network Science,,
OCLC Research and DANS_2014,OCLC Research and DANS,Amsterdam,,Netherlands,2014,2014-06-10,2014-06-10,Evolving Scholarly Record and Evolving Stewardship Ecosystem,Andrea Scharnhorst,15
Libraries and Research: Supporting Change/Changing Support_2014,Libraries and Research: Supporting Change/Changing Support,Amsterdam,,Netherlands,2014,2014-06-11,2014-06-12,Libraries and Research: Supporting Change/Changing Support,Andrea Scharnhorst,15
Le Centre de Recherches Interdisciplinaires_2014,Le Centre de Recherches Interdisciplinaires,Paris,,France,2014,2014-06-19,2014-06-19,Humanexus showing at NightScience,,
European Student Parliaments_2014,European Student Parliaments,Copenhagen,,Denmark,2014,2014-06-21,2014-06-21,European Student Parliaments,,
Euroscience Open Forum_2014,Euroscience Open Forum,Copenhagen,,Denmark,2014,2014-06-22,2014-06-24,Euroscience Open Forum,,
ACM Web Science Conference_2014,ACM Web Science Conference,Bloomington,Indiana,United States,2014,2014-06-23,2014-06-26,ACM Web Science Conference,,
Euroscience Open Forum workshop_2014,Euroscience Open Forum workshop,Copenhagen,,Denmark,2014,2014-06-23,2014-06-23,Mapping Social Science and Humanities,,
UQAM Cognitive Science Institute_2014,UQAM Cognitive Science Institute,Montréal,,Canada,2014,2014-07-07,2014-07-18,Web Science and the Mind,,
UNESCO Institute for Statistics_2014,UNESCO Institute for Statistics,Montreal,,Canada,2014,2014-07-18,2014-12-31,UNESCO Institute for Statistics,Martin Schaaper,
VIVO Conference_2014,VIVO Conference,Austin,Texas,United States,2014,2014-08-06,2014-08-08,VIVO Conference,,
University of Miami_2014,University of Miami,Coral Gables,Florida,United States,2014,2014-09-04,2014-12-11,University of Miami,,
IU Cinema_2014,IU Cinema,Bloomington,Indiana,United States,2014,2014-09-08,2014-09-08,Humanexus screening,Katy Börner,63
Joint Conference on Digital Libraries 2014_2014,Joint Conference on Digital Libraries 2014,London,,United Kingdom,2014,2014-09-08,2014-09-12,Joint Conference on Digital Libraries 2014,,
Workshop_2014,Workshop,Lucca,,Italy,2014,2014-09-29,2014-10-04,Workshop,Andrea Scharnhorst,15
"Woodburn Hall, Indiana University_2014","Woodburn Hall, Indiana University",Bloomington,Indiana,United States,2014,2014-10-01,2014-12-31,Social Science Research Commons,,
Arizona State University_2014,Arizona State University,Tucson,Arizona,United States,2014,2014-10-05,2014-12-08,Arizona State University,Stephen Kobourov,
Indiana University_2014,Indiana University,Bloomington,Indiana,United States,2014,2014-10-10,2014-12-31,CEWit Faculty & PhD Salon | CNS Open House | Swain Hall Library,Bob Noel | Jenny Hartel | Katy Börner,64
New School_2014,New School,New York,New York,United States,2014,2014-10-17,2014-10-24,Imagine Science Film Festival,Nate Dorr,
Internet 2 2014 Technology Exchange_2014,Internet 2 2014 Technology Exchange,Indianapolis,Indiana,United States,2014,2014-10-26,2014-10-30,Internet 2 2014 Technology Exchange,,
Ken Kennedy Institute for Information Technology_2014,Ken Kennedy Institute for Information Technology,Houston,Texas,United States,2014,2014-10-27,2014-11-28,Rice University,,
"CNS, Indiana University_2014","CNS, Indiana University",Bloomington,Indiana,United States,2014,2014-11-03,2014-11-04,Plug-and-Play Macroscopes Workshop,,
"International Conference for High Performance Computing, Networking, Storage, and Analysis (IVL Booth)_2014","International Conference for High Performance Computing, Networking, Storage, and Analysis (IVL Booth)",New Orleans,Louisiana,United States,2014,2014-11-16,2014-11-21,"International Conference for High Performance Computing, Networking, Storage, and Analysis (IVL Booth)",Michael Boyles,
"International Conference for High Performance Computing, Networking, Storage, and Analysis (SoIC Booth)_2014","International Conference for High Performance Computing, Networking, Storage, and Analysis (SoIC Booth)",New Orleans,Louisiana,United States,2014,2014-11-16,2014-11-21,"International Conference for High Performance Computing, Networking, Storage, and Analysis (SoIC Booth)",Andrew Lumsdaine,
5th International Symposium on Information Management in a Changing World and the 10th Iternational Conference on Knowledge Management_2014,5th International Symposium on Information Management in a Changing World and the 10th Iternational Conference on Knowledge Management,Antalya,,Turkey,2014,2014-11-24,2014-11-26,5th International Symposium on Information Management in a Changing World and the 10th Iternational Conference on Knowledge Management,Yasar Tonta,
International Science and Creativity Conference_2014,International Science and Creativity Conference,Seoul,,South Korea,2014,2014-12-03,2014-12-07,International Science and Creativity Conference,Jung Soon Lee,
Barbican_2014,Barbican,London,,United Kingdom,2014,2014-12-05,2014-12-07,The Logan Symposium for Journalists and Hacktivists,Caroline Nevejan,1
Georgia Tech_2014,Georgia Tech,Atlanta,Georgia,United States,2014,2014-12-12,2015-02-28,Georgia Tech,Alan Porter,
Duke University_2015,Duke University,Durham,North Carolina,United States,2015,2015-01-12,2015-04-15,Full Exhibit,Angela Zoss,3
AAAS Annual Meeting_2015,AAAS Annual Meeting,San Jose,California,United States,2015,2015-02-12,2015-02-16,"Visual Insights from Big Data: Envisioning Science, Engineering, and Innovation",Katy Börner,63
Fields Institute_2015,Fields Institute,Toronto,,Canada,2015,2015-02-23,2015-02-27,Information Visualization and Big Data Workshop,Nancy Reid,
University of Missouri_2015,University of Missouri,Columbia,Missouri,United States,2015,2015-03-03,2015-03-03,Cyberinfrastructure Day,Tim Middlekoop,
New York Hall of Science_2015,New York Hall of Science,New York,New York,United States,2015,2015-03-28,2015-03-28,New York City Data Fest,Steve Uzzo,
University of Maryland_2015,University of Maryland,"Washington, DC",,United States,2015,2015-04-03,2015-04-03,Campus Visualization Partnership Lecture Series,,
University of Newcastle_2015,University of Newcastle,Newcastle,,Australia,2015,2015-04-13,2015-05-11,Digital Display,Keith Nesbitt,
International Science Festival_2015,International Science Festival,Gothenburg,,Sweden,2015,2015-04-15,2015-04-19,International Science Festival 2015,Stina Johansson,1
"Galter Health Sciences Library, Northwestern University_2015","Galter Health Sciences Library, Northwestern University",Chicago,Illinois,United States,2015,2015-05-01,2015-10-30,Full Exhibit,Kristi Holmes,
EA Annual Conference_2015,EA Annual Conference,Bonn,,Germany,2015,2015-05-11,2015-05-12,EA Annual Conference,Petra Ahrwheiler,
EA European Academy of Technology and Innovation Assessment_2015,EA European Academy of Technology and Innovation Assessment,Bad Neuenahr,,Germany,2015,2015-05-11,2015-12-21,Maps from the 4th and 5th Iterations,Margret Heyen,
"Kellog School of Management, Northwestern University_2015","Kellog School of Management, Northwestern University",Chicago,Illinois,United States,2015,2015-05-15,2015-05-17,Computational Social Science Conference,Brian Uzzi,
The Levy Library_2015,The Levy Library,New York,New York,United States,2015,2015-05-20,2016-12-31,A Selection of Maps,Gali Halevi,2
DANS_2015,DANS,The Hague,,Netherlands,2015,2015-05-27,2015-05-27,Royal Netherlands Academy of Arts and Sciences,Andrea Scharnhorst,15
Bruer Symposium_2015,Bruer Symposium,St. Louis,Missouri,United States,2015,2015-05-28,2015-05-29,Bruer Symposium,Susan M. Fitzpatrick,
"HASTAC 2015 Conference, Kellogg Center, Michigan State University_2015","HASTAC 2015 Conference, Kellogg Center, Michigan State University",Lansing,Michigan,United States,2015,2015-05-29,2015-05-29,Humanexus Screening,Scott Weingart,
National Institutes of Health_2015,National Institutes of Health,Bethesda,Maryland,United States,2015,2015-06-02,2015-06-05,NIH Science of Team Science (SciTS) Conference,Kara Hall,
Instituto Politicnico Nacional_2015,Instituto Politicnico Nacional,Mexico City,,Mexico,2015,2015-06-22,2015-07-22,CeDiCyT,Dafna Alfaro,
Homo Communicativus_2015,Homo Communicativus,Torun,,Poland,2015,2015-06-25,2015-06-26,Homo Communicativus,Veslava Osinska,4
"IndiEarth Animation Film Festival, Goethe-Institut Chennai_2015","IndiEarth Animation Film Festival, Goethe-Institut Chennai",Chennai,,India,2015,2015-06-26,2015-06-28,Humanexus Screening,Ying-Fang Shen,
15th International Conference of the International Society for Scientometrics and Informetrics_2015,15th International Conference of the International Society for Scientometrics and Informetrics,Istanbul,,Turkey,2015,2015-06-29,2015-07-04,15th International Conference of the International Society for Scientometrics and Informetrics,Katy Börner,63
Visitor Studies Association Annual Conference_2015,Visitor Studies Association Annual Conference,Indianapolis,Indiana,United States,2015,2015-07-14,2015-07-18,Visitor Studies Association Annual Conference,Mary Ann Wojton,
System Dynamics Society conference_2015,System Dynamics Society conference,Cambridge,Massachusetts,United States,2015,2015-07-19,2015-07-23,System Dynamics Society conference,Roberta Spencer,
XSEDE 15_2015,XSEDE 15,St. Louis,Missouri,United States,2015,2015-07-26,2015-07-30,XSEDE 15,Richard Knepper,
"ILS Department, Indiana University_2015","ILS Department, Indiana University",Bloomington,Indiana,United States,2015,2015-08-21,2015-08-21,ILS Research Showcase,Rhonda Spencer,
National Science Foundation_2015,National Science Foundation,Arlington,Virginia,United States,2015,2015-08-31,2015-09-01,CyberBridges Workshop | NSE Grantees Conference and Kickoff Meeting,Keith Roper | Thomas Hacker,
"Center for Complex Systems & Enterprises Distinguished Lecture Series, Stevens Institute of Technology_2015","Center for Complex Systems & Enterprises Distinguished Lecture Series, Stevens Institute of Technology",Hoboken,New Jersey,United States,2015,2015-09-02,2015-09-02,Data Visualizations: Drawing Actionable Insights from Science and Technology Data,John Casti,
University of Warsaw Library_2015,University of Warsaw Library,Warsaw,,Poland,2015,2015-09-18,2015-09-18,Visualization for Science,"Veslava Osinska, Agnieska Uzieblo, Beata Bereza",4
"Conference on Complex Systems, Arizona State University_2015","Conference on Complex Systems, Arizona State University",Tempe,Arizona,United States,2015,2015-10-01,2015-10-01,Quantifying Science,Dashun Wang,
European Food Safety Authority_2015,European Food Safety Authority,Milan,,Italy,2015,2015-10-14,2015-10-16,2nd Scientific Conference,Mary Gilsenan,
Association of Science and Technology Centers Annual Conference_2015,Association of Science and Technology Centers Annual Conference,Montreal,,Canada,2015,2015-10-17,2015-10-20,Association of Science and Technology Centers Annual Conference,,
NOAA_2015,NOAA,Boulder,Colorado,United States,2015,2015-10-29,2015-10-30,CDAC Meeting,Ian Kalin,
"CNS, Indiana University_2015","CNS, Indiana University",Bloomington,Indiana,United States,2015,2015-11-02,2015-11-04,CNS Open House | Visual Analytics in Healthcare Workshop,Katy Börner,63
NAKFI 2015 Conference_2015,NAKFI 2015 Conference,Irvine,California,United States,2015,2015-11-12,2015-11-14,"Art and Science, Engineering, and Medicine Frontier Collaborations: Ideation, Translation & Realization",J.D. Talasek,2
NIH_2015,NIH,Bethesda,Maryland,United States,2015,2015-11-12,2015-11-13,BD2K Consortium All-Hands Meeting,David Miller,
Supercomputing Conference_2015,Supercomputing Conference,Austin,Texas,United States,2015,2015-11-15,2015-11-20,SC15,Laura Diaz,
Universidad de los Andes_2015,Universidad de los Andes,Bogotá,,Colombia,2015,2015-11-17,2015-11-21,Universidad de los Andes,Andres Burbano,
European Union Publications Office_2015,European Union Publications Office,Luxembourg,,Luxembourg,2015,2015-12-11,2015-12-31,European Union Publications Office,Yvo Volman,
University of Duisberg-Essen_2015,University of Duisberg-Essen,Duisburg,,Germany,2015,2015-12-18,2015-12-31,Graduate School of User-Centered Social Media,Ulrich Hoppe,
David J. Sencer CDC Museum_2016,David J. Sencer CDC Museum,Atlanta,Georgia,United States,2016,2016-01-25,2016-06-17,Full Exhibit,Louise Shaw,
Emory College of Arts and Sciences Institute for Quantitative Theory and Methods_2016,Emory College of Arts and Sciences Institute for Quantitative Theory and Methods,Atlanta,Georgia,United States,2016,2016-02-04,2016-02-04,Data Visualization Speaker Series,Debora Owens,
"National Heart, Lung, and Blood Institute_2016","National Heart, Lung, and Blood Institute",Bethesda,Maryland,United States,2016,2016-02-10,2016-02-25,"National Heart, Lung, and Blood Institute","Zorina Galis, Gary Berg-Cross",
Universität Regensburg_2016,Universität Regensburg,Regensburg,,Germany,2016,2016-03-06,2016-03-11,80th Annual Meeting of the DPG,"Jens Christian Claussen, Andrea Scharnhorst",15
Universität Leipzig_2016,Universität Leipzig,Leipzig,,Germany,2016,2016-03-15,2016-03-15,Library Congress,"Francis Harvey, Monika Börner",1
"CNS Center, Indiana University_2016","CNS Center, Indiana University",Bloomington,Indiana,United States,2016,2016-03-21,2016-03-21,"Point, Line & Data: New methods for understanding complex data, from storytelling to machine learning, Mauro Martino - CNS Talks | Quantifying, Visualizing, and Forecasting Global Human Society Through “Big Data”: What it Looks Like To Compute on the Entire Planet | Recontextualizing Form & Surface, Carrie Longley - CNS Talks",Lisel Record,6
Library of Congress_2016,Library of Congress,"Washington, DC",,United States,2016,2016-03-22,2016-03-23,Science of Science Workshop,"Todd Theriault, Tom Evans",6
Indiana University_2016,Indiana University,Bloomington,Indiana,United States,2016,2016-04-01,2016-04-01,"Galaxy Community Conference | Humanexus showing, Pathway Project - Earlham College Campus Visit | Mini University | Network Science Institute",Cassidy Sugimoto | Jim Pershing | Robert Ping | Valentin Pentchev,4
"Kelley School of Business, Indiana University_2016","Kelley School of Business, Indiana University",Bloomington,Indiana,United States,2016,2016-04-08,2016-04-09,Law and Ethics Big Data Symposium,"Angie Raymond, Peter Hook",1
"Institute for Pure & Applied Mathematics, UCLA_2016","Institute for Pure & Applied Mathematics, UCLA",Los Angeles,California,United States,2016,2016-04-11,2016-04-15,Culture Analytics and User Experience Design,Tim Tangherlini,1
The Levy Library_2016,The Levy Library,New York,New York,United States,2016,2016-05-20,2016-12-31,A Selection of Maps,Gali Halevi,2
Institute of Complex Systems_2016,Institute of Complex Systems,Paris,,France,2016,2016-06-16,2016-06-16,ISC-PIF Open House,David Chavalarias,
"Consortium of the Study of Religion, Ethics, and Society_2016","Consortium of the Study of Religion, Ethics, and Society",Bloomington,Indiana,United States,2016,2016-06-20,2016-06-23,Wonder and the Natural World Conference,Lisa Sideris,
"Physikalischen Institut, Universität Leipzig_2016","Physikalischen Institut, Universität Leipzig",Leipzig,,Germany,2016,2016-06-24,2016-06-24,Lange Nacht der Wissenschaften,Francis Harvey,1
American Library Association_2016,American Library Association,Orlando,Florida,United States,2016,2016-06-26,2016-06-26,Alumni Reception,Mary Beth Roska,3
NIH Library_2016,NIH Library,Bethesda,Maryland,United States,2016,2016-06-30,2016-12-31,NIH Library,Ya-Ling Lu,
Dalhousie University_2016,Dalhousie University,Halifax,Nova Scotia,Canada,2016,2016-07-10,2016-07-13,ACM Hypertext Conference,Jamie Blustein,
American Association of Law Libraries_2016,American Association of Law Libraries,Chicago,Illinois,United States,2016,2016-07-16,2016-07-19,American Association of Law Libraries,Mary Beth Roska,3
Purdue University_2016,Purdue University,West Lafayette,Indiana,United States,2016,2016-08-03,2016-08-04,2016 CRA-W/CDC CADENS Broadening Participation in Visualization (BPViz’16) Workshop,Vetria Byrd,
Monroe County Public Library_2016,Monroe County Public Library,Bloomington,Indiana,United States,2016,2016-08-15,2016-09-07,Macroscope Popup Exhibit | Maps & Macroscopes,Jeannette Lehr,1
"School of Informatics and Computing, Indiana University_2016","School of Informatics and Computing, Indiana University",Bloomington,Indiana,United States,2016,2016-09-08,2016-09-09,Research Horizons,Martina Barnas,
Global TechMining Conference_2016,Global TechMining Conference,Valencia,,Spain,2016,2016-09-13,2016-09-13,Global TechMining Conference,,
OECD_2016,OECD,Ghent,,Belgium,2016,2016-09-19,2016-09-21,Blue Sky Conference,,
"ASTC Annual Conference, Museum of Science and Industry_2016","ASTC Annual Conference, Museum of Science and Industry",Tampa,Florida,United States,2016,2016-09-24,2016-09-27,Data Visualization Literacy,Katy Börner,63
Association for Information Science & Technology_2016,Association for Information Science & Technology,Copenhagen,,Denmark,2016,2016-10-14,2016-10-18,Association for Information Science & Technology,Mary Beth Roska,3
"Grunwald Gallery, Indiana University_2016","Grunwald Gallery, Indiana University",Bloomington,Indiana,United States,2016,2016-10-21,2016-10-21,[RE]Imagining Science: noon talks,Elizabeth Stirratt,
Museum Computer Network_2016,Museum Computer Network,New Orleans,Louisiana,United States,2016,2016-11-01,2016-11-04,Museum Computer Network,Lisel Record,6
Arts & Humanities Council_2016,Arts & Humanities Council,Bloomington,Indiana,United States,2016,2016-11-03,2016-11-03,First Thursdays Festival,Ed Comantale,1
IEEE-CIS EnCON Engineering Conference_2016,IEEE-CIS EnCON Engineering Conference,Indianapolis,Indiana,United States,2016,2016-11-05,2016-11-05,IEEE-CIS EnCON Engineering Conference,,
Indiana Library Federation_2016,Indiana Library Federation,Indianapolis,Indiana,United States,2016,2016-11-09,2016-11-09,Indiana Library Federation,Mary Beth Roska,3
Salt Palace Convention Center_2016,Salt Palace Convention Center,Salt Lake City,Utah,United States,2016,2016-11-13,2016-11-18,SuperComputing Conference 2016,Mike Boyles,
Cyberinfrastructure for Network Science Center_2016,Cyberinfrastructure for Network Science Center,Bloomington,Indiana,United States,2016,2016-11-14,2016-11-15,Workshop: Web of Science as a Research Dataset,Katy Börner,63
CeWIT House_2016,CeWIT House,Bloomington,Indiana,United States,2016,2016-12-12,2016-12-12,CeWIT House,Jenny Hartel,1
Smith Research Center_2016,Smith Research Center,Bloomington,Indiana,United States,2016,2016-12-19,2016-12-19,Intelligent Systems Engineering,Julie Overfield,1
Vanderbilt University_2017,Vanderbilt University,Nashville,Tennessee,United States,2017,2017-01-23,2017-04-23,Full Exhibit,Elizabeth Boyd,
School of Informatics and Computing_2017,School of Informatics and Computing,Bloomington,Indiana,United States,2017,2017-01-25,2017-01-25,"Macroscope and IVMOOC Demo, Bridge to Informatics Symposium",Patrick Shih,
mm_2017,mm,Iowa City,Iowa,United States,2017,2017-02-06,2017-03-06,University of Iowa,Ann Ricketts,
Indiana University Lifelong Learning_2017,Indiana University Lifelong Learning,Bloomington,Indiana,United States,2017,2017-02-22,2017-02-22,Indiana University Lifelong Learning,Jim Pershing,3
School of Informatics and Computing and Computing Student Association_2017,School of Informatics and Computing and Computing Student Association,Bloomington,Indiana,United States,2017,2017-02-24,2017-02-24,Catalyst Conference,,
IUNI_2017,IUNI,Bloomington,Indiana,United States,2017,2017-03-23,2017-03-23,Conference on Big Data and Network Science,Weihua An,
Johnson Center for Innovation and Translational Research_2017,Johnson Center for Innovation and Translational Research,Bloomington,Indiana,United States,2017,2017-04-06,2017-04-06,Innovation Conference,,
Mini University_2017,Mini University,Bloomington,Indiana,United States,2017,2017-06-12,2017-06-15,Maps & Macroscopes,Jim Pershing,3
International School and Conference on Network Science_2017,International School and Conference on Network Science,Indianapolis,Indiana,United States,2017,2017-06-19,2017-06-23,Macroscopes for Making Sense of Science and Technology,Katy Börner,63
PEARC 2017 conference Series_2017,PEARC 2017 conference Series,New Orleans,Louisiana,United States,2017,2017-07-09,2017-07-13,Practice & Experience in Advanced Research Computing,Ben Fulton,
AMM Annual Conference_2017,AMM Annual Conference,Des Moines,Iowa,United States,2017,2017-07-12,2017-07-15,Scoping out the Macroscopes: Defining and measuring success for a digital interactive,Lisel Record,6
University of Toulouse_2017,University of Toulouse,Toulouse,,France,2017,2017-07-17,2017-07-18,"European Summer School in Logic, Language and Information",Olga Scrivner,1
WonderLab_2017,WonderLab,Bloomington,Indiana,United States,2017,2017-08-05,2017-08-05,Robot Roll Call,Lisel Record,6
Bates College_2017,Bates College,Lewiston,Maine,United States,2017,2017-08-06,2017-08-11,Visualization in Science and Education Gordon Research Conference,Katy Börner,63
European Forum Alpbach_2017,European Forum Alpbach,Vienna,,Austria,2017,2017-08-16,2017-09-01,European Forum Alpbach,Katy Börner,63
Virginia Tech_2017,Virginia Tech,Blacksburg,Virginia,United States,2017,2017-08-21,2017-11-22,Full Exhibit,Michael Stamper,
Indy Big Data_2017,Indy Big Data,Indianapolis,Indiana,United States,2017,2017-09-14,2017-09-14,Indy Big Data Conference,Julie Overfield,1
Indiana University_2017,Indiana University,Bloomington,Indiana,United States,2017,2017-10-21,2017-10-21,Science Fest,Yuhzen Ye,
Office of Naval Research_2017,Office of Naval Research,Arlington,Virginia,United States,2017,2017-11-06,2017-11-06,Office of Naval Research,Irina R. Pala,
Colorado Convention Center_2017,Colorado Convention Center,Denver,Colorado,United States,2017,2017-11-12,2017-11-17,SuperComputing 2017,Laura Pettit,
The National Museum of Emerging Science and Innovation (Miraikan)_2017,The National Museum of Emerging Science and Innovation (Miraikan),Tokyo,,Japan,2017,2017-11-15,2017-11-17,"Visualizing STEAM Data in Support of Smart Decision Making, Science Centre World Summit 2017",Katy Borner,
"Indiana State House, Management Performance Hub_2018","Indiana State House, Management Performance Hub",Indianapolis,Indiana,United States,2018,2018-03-06,2018-03-06,Data Day,Darshan Shah,1
"Luddy School of Informatics, Computing, and Engineering_2018","Luddy School of Informatics, Computing, and Engineering",Bloomington,Indiana,United States,2018,2018-03-30,2018-12-31,"Luddy School of Informatics, Computing, and Engineering",,
Indiana University_2018,Indiana University,Bloomington,Indiana,United States,2018,2018-06-10,2018-06-15,Mini University | Pathfinders Summer Institute | Visible Evidence XXV,Infosys Foundation USA | Jim Pershing | Joshua Malitsky,3
Nesta_2018,Nesta,Boston,Massachusetts,United States,2018,2018-06-12,2018-06-14,IGL2018 Global Conference,Juan Mateos-Garcia,
University of Leipzig_2018,University of Leipzig,Leipzig,,Germany,2018,2018-07-13,2018-07-30,Culture & Technology - The European Summer University in Digital Humanities,,
Makevention_2018,Makevention,Bloomington,Indiana,United States,2018,2018-08-25,2018-08-25,Makevention,,
Indy Big Data_2018,Indy Big Data,Indianapolis,Indiana,United States,2018,2018-09-26,2018-09-26,Indy Big Data,Olga Scrivner,1
"Wells Library, Indiana University_2018","Wells Library, Indiana University",Bloomington,Indiana,United States,2018,2018-09-27,2018-12-31,Scholars Commons,,
Museum Computer Network_2018,Museum Computer Network,Denver,Colorado,United States,2018,2018-11-13,2018-11-16,The In-Between: How to facilitate interdepartmental collaboration from the institutional middle,Lisel Record,6
IBS Convention Center_2019,IBS Convention Center,Lauta,,Germany,2019,2019-02-05,2019-02-05,IBS Workshop Media Computing,,
"Indiana State House, Management Performance Hub_2019","Indiana State House, Management Performance Hub",Indianapolis,Indiana,United States,2019,2019-03-20,2019-03-20,Data Day,Darshan Shah,1
Science Policy Research Unit at the University of Sussex_2019,Science Policy Research Unit at the University of Sussex,Brighton,,United Kingdom,2019,2019-06-03,2019-06-06,European Meeting on Applied Evolutionary Economics (EMAEE),"Tommaso Ciarli, Aristea Markantoni",
Santa Fe Institute_2019,Santa Fe Institute,Santa Fe,New Mexico,United States,2019,2019-06-14,2019-06-19,Interplanetary Festival,Caitlin McShea,
Indiana University_2019,Indiana University,Bloomington,Indiana,United States,2019,2019-08-24,2019-08-24,First Thursdays Festival | Makevention | RRT at the Interdisciplinary Interface Workshop | Science Fest,College of Arts & Sciences | Gerard Pannekoek | Justin Otten,
2018 ASTC Annual Conference_2019,2018 ASTC Annual Conference,Hartford,Connecticut,United States,2019,2019-09-29,2019-09-29,"Public or Perish, ASCT",Lisel Record,6
WISE Lab_2019,WISE Lab,Dalian,,China,2019,2019-11-05,2019-11-08,"15th International Conference on Webometrics, Informetrics and Scientometrics (WIS) & 20th COLLNET Meeting",Chen Yue,
Waseda University_2020,Waseda University,Tokyo,,Japan,2020,2020-01-20,2020-01-23,NetSci-X 2020: International School and Conference on Network Science,,
Indiana University_2020,Indiana University,Bloomington,Indiana,United States,2020,2020-01-29,2020-01-29,Tour for MetroStar Systems,,
UNAM_2020,UNAM,Mexico City,,Mexico,2020,2020-03-02,2020-03-02,Women in Data Science 2020 (Regional Event),Mariana Espinosa,
Indiana University UITS_2020,Indiana University UITS,Bloomington,Indiana,United States,2020,2020-09-02,2020-09-02,Technology Petting Zoo,Jeannette Lehr,1
The Mill_2020,The Mill,Bloomington,Indiana,United States,2020,2020-10-01,2021-01-30,Dimension Mill,CNS,
Université Catholique de Louvain_2021,Université Catholique de Louvain,Ottignies-Louvain-la-Neuve,,Belgium,2021,2021-03-16,2021-03-16,Digital Studies of Digital Science Conference,CEFISES center at UCLouvain,
Arts & Humanities Council_2021,Arts & Humanities Council,Bloomington,Indiana,United States,2021,2021-04-01,2021-04-01,First Thursdays Festival,Ed Comantale,1
"Dagstuhl Seminar, Schloss Dagstuhl – Leibniz Center for Informatics_2021","Dagstuhl Seminar, Schloss Dagstuhl – Leibniz Center for Informatics",Wadern,,Germany,2021,2021-04-11,2021-04-16,Multi-Level Graph Representation for Big Data Arising in Science Mapping,,
Luddy Pre-College Summer Program_2021,Luddy Pre-College Summer Program,Bloomington,Indiana,United States,2021,2021-06-22,2021-06-22,Luddy Pre-College Summer Program,Indiana University Bloomington,4
"The 25th International Conference on Science, Technology and Innovation_2021","The 25th International Conference on Science, Technology and Innovation",Aarhus,,Denmark,2021,2021-09-13,2021-09-17,"The 25th International Conference on Science, Technology and Innovation",Danish Centre for Studies on Research and Research Policy (CFA),
University of Notre Dame_2021,University of Notre Dame,Notre Dame,Indiana,United States,2021,2021-09-24,2022-03-15,Macroscope Kiosk Display at Navari Family Center for Digital Scholarship,"Scott B. Weingart, Peter Hook",1
Science Fest_2021,Science Fest,Bloomington,Indiana,United States,2021,2021-10-09,2021-10-09,Science Fest,Indiana University Bloomington Office of Science Outreach,
24 Hour Science Map Event_2021,24 Hour Science Map Event,Bloomington,Indiana,United States,2021,2021-12-11,2021-12-12,24 Hour Science Map Event,Indiana University Bloomington,4
Atlas of Forecasts Book Reading at Morgenstern's Books_2021,Atlas of Forecasts Book Reading at Morgenstern's Books,Bloomington,Indiana,United States,2021,2021-12-13,2021-12-13,Atlas of Forecasts Book Reading at Morgenstern's Books,Morgenstern's Books,
Nesta Firebreak_2021,Nesta Firebreak,London,,United Kingdom,2021,2021-12-15,2021-12-15,Nesta Firebreak,Indiana University Bloomington,4
DZHW_2022,DZHW,Berlin,,Germany,2022,2022-01-01,2024-01-01,Permanent Map Installation,Katy Börner,63
The Future of Learning & Work Workshop_2022,The Future of Learning & Work Workshop,Berlin,,Germany,2022,2022-03-14,2022-03-15,The Future of Learning & Work Workshop,Indiana University Bloomington,4
"Sciences Library, Indiana University_2022","Sciences Library, Indiana University",Bloomington,Indiana,United States,2022,2022-04-05,2022-04-05,Data Visualization Bazaar,Indiana University Bloomington,4
Data Visualization Lisboa_2022,Data Visualization Lisboa,Lisbon,,Portugal,2022,2022-06-15,2022-06-15,Data Visualization Lisboa,Katherine Gustilo,
Luddy Pre-College Summer Program: Places & Spaces Virtual Tour_2022,Luddy Pre-College Summer Program: Places & Spaces Virtual Tour,Bloomington,Indiana,United States,2022,2022-06-22,2022-06-22,Luddy Pre-College Summer Program: Places & Spaces Virtual Tour,Matthew Francisco,
Indiana Memorial Union_2022,Indiana Memorial Union,Bloomington,Indiana,United States,2022,2022-08-19,2022-08-19,Technology Petting Zoo | UITS Tech Fair,UITS | Victor Kudzai Kaposonore,
Monroe Convention Center_2022,Monroe Convention Center,Bloomington,Indiana,United States,2022,2022-08-27,2022-08-27,Makevention,Monroe Convention Center,
Clark Library_2022,Clark Library,Ann Arbor,Michigan,United States,2022,2022-08-29,2023-01-20,University of Michigan,Timothy Utter,1
University of Michigan Clark Library_2022,University of Michigan Clark Library,Ann Arbor,Michigan,United States,2022,2022-09-30,2022-09-30,Science Maps and Macroscopes,Timothy Utter,1
Science Fest_2022,Science Fest,Bloomington,Indiana,United States,2022,2022-10-22,2022-10-22,Science Fest,Jo Anne Tracy,1
Luddy Hall_2022,Luddy Hall,Bloomington,Indiana,United States,2022,2022-11-10,2022-11-10,CNS Metaverse Tour,Todd Theriault,6
UQÀM_2022,UQÀM,Montreal,,Canada,2022,2022-12-01,2022-12-01,Cognitive Informatics Seminar,Katy Börner,63
24 Hour Human Reference Atlas Design Event_2022,24 Hour Human Reference Atlas Design Event,Bloomington,Indiana,United States,2022,2022-12-10,2022-12-11,24 Hour Human Reference Atlas Design Event,Todd Theriault,6
NISTEP_2022,NISTEP,Tokyo,,Japan,2022,2022-12-13,2022-12-13,Foresight Seminar,Kuniko Urashima,
"Georgina Room, IMU_2023","Georgina Room, IMU",Bloomington,Indiana,United States,2023,2023-03-07,2023-03-07,Bloomington Rotary Club,Jim Shea,
Grand Hall in Maxwell Hall_2023,Grand Hall in Maxwell Hall,Bloomington,Indiana,United States,2023,2023-06-08,2023-08-04,Cook Center for Arts and Humanities,Linnea Holt,1
"Cook Center, Maxwell Hall_2023","Cook Center, Maxwell Hall",Bloomington,Indiana,United States,2023,2023-08-31,2023-08-31,Places & Spaces during ISSI,Linnea Holt,1
The Mill_2023,The Mill,Bloomington,Indiana,United States,2023,2023-10-06,2023-10-06,City of Bloomington Innovation Celebration,Devta Kidd,
Remote_2023,Remote,Bloomington,Indiana,United States,2023,2023-12-09,2023-12-10,24 Hour Macroscopes: Interactive Data Visualizations Event,Katy Börner,63
University Collections at McCalla_2024,University Collections at McCalla,Bloomington,Indiana,United States,2024,2024-06-06,2024-06-06,Guided Tour of Places & Spaces | Guided tour of Places & Spaces | Macroscope Tools for Global Challenges | University Collections at McCalla | “Places & Spaces: Mapping Science” 20th Iteration Opening Reception,Alisha Nicole Beard | Katy Börner | Lisel Record | Todd Theriault,75
National Institutes of Health_2024,National Institutes of Health,Bethesda,Maryland,United States,2024,2024-06-06,2024-06-11,The Future of Scientific Conferencing Workshop,Jessica Gowda,
Québec City Convention Center_2024,Québec City Convention Center,Quebec City,Quebec,Canada,2024,2024-06-16,2024-06-21,NetSci 2024,Laurent Hébert-Dufresne,
Sciences Library_2022,Sciences Library,Bloomington,Indiana,United States,2022,2022-01-01,2023-12-31,Sciences Library,Jennifer Simms,
Complexity Science Hub_2024,Complexity Science Hub,,,Austria,2024,2024-08-26,2024-08-30,CSH Visualizing Complexity Science Workshop,Katy Börner,63
Arts Plaza_2024,Arts Plaza,Bloomington,Indiana,United States,2024,2024-09-05,2024-09-05,First Thursdays Festival,Arts & Humanities Council,
College of Arts and Sciences_2024,College of Arts and Sciences,Bloomington,Indiana,United States,2024,2024-10-05,2024-10-05,Science Fest,Jo Anne Tracy,1
Indiana Univeristy Museum of Archeaology and Anthropology_2024,Indiana Univeristy Museum of Archeaology and Anthropology,Bloomington,Indiana,United States,2024,2024-10-30,2024-10-30,Talking Together: “Humanexus” Film Screening and Panel Discussion,Sarah Junk Hatcher,
National Graduate Institute for Policy Studies (GRIPS)_2024,National Graduate Institute for Policy Studies (GRIPS),Minato,,Japan,2024,2024-11-11,2024-11-11,Insightful and Actionable Visual Analytics,Asako Okamura,1
Sidney and Lois Eskenazi Museum of Art_2024,Sidney and Lois Eskenazi Museum of Art,Bloomington,Indiana,United States,2024,2024-11-22,2024-11-22,"Connections Between Art, Science, and Engineering: A Conversation with Dr. Katy Börner",Keaton Clulow,
Museo Banco de Mexico_2024,Museo Banco de Mexico,Valley of Mexico,,Mexico,2024,2024-11-28,2024-11-29,Exploración de mapas del territorio financerio,Ingo Gunther,
NISTEP_2024,NISTEP,,,Japan,2024,2024-12-20,2024-12-20,"""Places & Spaces: Mapping Science"" at NISTEP Public Online Symposium",Sakai Tomoko,
Mt. Sinai School of Medicine_2025,Mt. Sinai School of Medicine,New York City,New York,United States,2025,2025-03-14,2025-03-14,Places & Spaces: Mapping Science,Patty Lee,
NetSci_2025,NetSci,,,Netherlands,2025,2025-06-02,2025-06-06,Science Macroscopes: Interactive Data Visualizations for Exploring Multiscale Networks in a Global Society,Yuanxi Fu,
"Luddy School of Informatics, Computing, and Engineering_2025","Luddy School of Informatics, Computing, and Engineering",Bloomington,Indiana,United States,2025,2025-03-18,2025-03-22,iConference 2025,"Noriko Hara, Carol Choksy",
City of Bloomington_2025,City of Bloomington,Bloomington,Indiana,United States,2025,2025-04-01,2025-04-30,Places & Spaces: Mapping Science,Aubrey Seader,
Arts Plaza_2025,Arts Plaza,Bloomington,Indiana,United States,2025,2025-04-03,2025-04-03,First Thursdays Festival,Arts and Humanities Council,
COSMO_2025,COSMO,,,Germany,2025,2025-05-18,2025-08-08,Places & Spaces: Mapping Science,Jörg Neumann,
SBHD_2025,SBHD,,,Germany,2025,2025-06-16,2025-06-18,Systems Biology of Human Disease,Franziska Gudrun Muller,
Semmelweis_2025,Semmelweis,,,Hungary,2025,2025-07-28,2025-08-08,Biomedical Data Science Summer School and Conference,Roland Molontay,
